
CREATE TABLE CLIENTES(
NUMCLIE		INTEGER NOT NULL,
EMPRESA		CHAR(20) NOT NULL,
REPCLIE		INTEGER NOT NULL,
LIMITECREDITO	NUMERIC,
PRIMARY KEY(NUMCLIE))Engine=innodb;

CREATE TABLE REPVENTAS(
NUMEMPL		INTEGER NOT NULL,
NOMBRE		CHAR(15) NOT NULL,
EDAD		INTEGER,
OFICINAREP	INTEGER NOT NULL,
TITULO		CHAR(10),
CONTRATO	DATE NOT NULL,
DIRECTOR	INTEGER NOT NULL,
CUOTA		NUMERIC,
VENTAS 		NUMERIC NOT NULL,
PRIMARY KEY(NUMEMPL))Engine=innodb;


CREATE TABLE OFICINAS(
OFICINA	INTEGER NOT NULL,
CIUDAD	CHAR(15) NOT NULL,
REGION	CHAR(10) NOT NULL,
DIR	INTEGER NOT NULL,
OBJETIVO	NUMERIC,
VENTAS		NUMERIC NOT NULL,
PRIMARY KEY(OFICINA),
FOREIGN KEY(DIR) REFERENCES REPVENTAS(NUMEMPL))Engine=innodb;

CREATE TABLE PRODUCTOS(
IDFAB	CHAR(3) NOT NULL,
IDPRODUCTO	CHAR(5) NOT NULL,
DESCRIPCION	CHAR(20) NOT NULL,
PRECIO		NUMERIC NOT NULL,
EXISTENCIAS	INTEGER	 NOT NULL,
PRIMARY KEY(IDFAB,IDPRODUCTO))Engine=innodb;

CREATE TABLE PEDIDOS(
NUMPEDIDO	INTEGER NOT NULL,
FECHAPEDIDO	DATE NOT NULL,
CLIE		INTEGER NOT NULL,
REP		INTEGER NOT NULL,
FAB		CHAR(3) NOT NULL,
PRODUCTO	CHAR(5) NOT NULL,
CANT		INTEGER NOT NULL,
IMPORTE		NUMERIC NOT NULL,
PRIMARY KEY(NUMPEDIDO),
FOREIGN KEY (CLIE) REFERENCES CLIENTES(NUMCLIE),
FOREIGN KEY (REP) REFERENCES REPVENTAS(NUMEMPL),
FOREIGN KEY (FAB, PRODUCTO) REFERENCES PRODUCTOS(IDFAB, IDPRODUCTO))Engine=innodb;


INSERT INTO CLIENTES VALUES(2101,'JUAN MFG',106,65000);
INSERT INTO CLIENTES VALUES(2102,'SILLAS S.A.', 101,65000);
INSERT INTO CLIENTES VALUES(2103,'AAA INVESTIGACION',105,50000);
INSERT INTO  CLIENTES VALUES(2104,'JCP INC.',101,55000);
INSERT INTO CLIENTES VALUES(2105,'JP SINCLAIR',108,35000);



INSERT INTO REPVENTAS VALUES(101,'JUAN SANCHEZ',45,12,'REP VENTAS',"1986-10-20",104,300000,305673);
INSERT INTO REPVENTAS VALUES(102,'SARA SOTO',48,21,'REP VENTAS',"1986-12-12",108,35000,474050);
INSERT INTO REPVENTAS VALUES(103,'NOELIA CALVET',29,12,'REP VENTAS',"1987-05-19",104,275000,286775);
INSERT INTO REPVENTAS VALUES(104,'DAVID  VIDAL',33,22,'REP VENTAS',"1988-02-12",106,20000,142596);
INSERT INTO REPVENTAS VALUES(105,'RAMON RAMOS',43,21,'REP VENTAS',"1986-09-20",105,120000,23456);


INSERT INTO OFICINAS VALUES (12,'CHICAGO','ESTE',104,800000,735042);
INSERT INTO OFICINAS VALUES (13,'ATLANTA','ESTE',105,350000,335047);
INSERT INTO OFICINAS VALUES (21,'LOS ANGELES','OESTE',102,430000,975042);
INSERT INTO OFICINAS VALUES (22,'MADRID','OESTE',101,456000,350420);


INSERT INTO PRODUCTOS VALUES ('ACI','41001','ARTICULO TIPO 1',55,277);
INSERT INTO PRODUCTOS VALUES ('ACI','41002','ARTICULO TIPO 2',76,167);
INSERT INTO PRODUCTOS VALUES ('ACI','41003','ARTICULO TIPO 3',107,207);
INSERT INTO PRODUCTOS VALUES ('ACI','41004','ARTICULO TIPO 4',117,139);
INSERT INTO PRODUCTOS VALUES ('ACI','4100X','AJUSTADOR',25,37);
INSERT INTO PRODUCTOS VALUES ('ACI','4100Y','EXTRAXTOR',2055,27);
INSERT INTO PRODUCTOS VALUES ('FEA','112','CUBIERTA',50,270);
INSERT INTO PRODUCTOS VALUES ('FEA','114','BANCADA MOTOR',5,77);
INSERT INTO PRODUCTOS VALUES ('IMM','878H','ARTICULO RIOSTRA',25,34);
INSERT INTO PRODUCTOS VALUES ('QSA','XK48A','REDUCTOR',11,123);

INSERT INTO PEDIDOS VALUES( 112963,"2004-03-17",2101,101,'ACI','41004',28,3276);
INSERT INTO PEDIDOS VALUES( 112968,"2004-05-07",2103,105,'ACI','41001',83,2763);
INSERT INTO PEDIDOS VALUES( 113012,"2004-10-23",2104,103,'ACI','4100X',32,4567);
INSERT INTO PEDIDOS VALUES( 113013,"2003-03-17",2102,102,'FEA','112',12,1000);
INSERT INTO PEDIDOS VALUES( 113014,"2004-07-08",2103,101,'IMM','878H',20,3200);


















